title,company,location,link
금융 IT 개발자 대규모 채용,(주)카카오뱅크,https://www.saramin.co.kr/zf_user/jobs/relay/view?isMypage=no&rec_idx=39378721
2021년 IT 인재 대규모 채용,(주)씨젠,https://www.saramin.co.kr/zf_user/jobs/relay/view?isMypage=no&rec_idx=39519346
[쿠팡] IT Operations Engineer 채용 (쿠팡 물류센터),쿠팡 주식회사,https://www.saramin.co.kr/zf_user/jobs/relay/view?isMypage=no&rec_idx=39270562
맨파워코리아 정규 IT BPO 경력 컨설턴트 채용,(주)맨파워코리아,https://www.saramin.co.kr/zf_user/jobs/relay/view?isMypage=no&rec_idx=39278831
(주)모간 IT서비스지원 직무 모집,(주)모간,https://www.saramin.co.kr/zf_user/jobs/relay/view?isMypage=no&rec_idx=39483516
IT팀 경력사원 모집,(주)발렉스특수물류,https://www.saramin.co.kr/zf_user/jobs/relay/view?isMypage=no&rec_idx=39526827
"IT Business Analyst (Project, ERP, CRM)",써모피셔사이언티픽 코리아 (주),https://www.saramin.co.kr/zf_user/jobs/relay/view?isMypage=no&rec_idx=39517022
IT 기술 엔지니어(Helpdesk)/간단한 영어회화 및 메일 가능자,㈜고우넷,https://www.saramin.co.kr/zf_user/jobs/relay/view?isMypage=no&rec_idx=39234896
[nProtect] IT 자산 관리-채용 연계형 인턴,(주)잉카인터넷,https://www.saramin.co.kr/zf_user/jobs/relay/view?isMypage=no&rec_idx=39471965
IT 기술 엔지니어 채용 (IT 기술지우 및 Helpdesk) 영어회화 필,㈜고우넷,https://www.saramin.co.kr/zf_user/jobs/relay/view?isMypage=no&rec_idx=39495892
대봉엘에스(주) IT 전산담당 경력직원 모집,대봉엘에스㈜,https://www.saramin.co.kr/zf_user/jobs/relay/view?isMypage=no&rec_idx=39540809
"유니와이드 채용(시스템IT영업) 공공,조달영업#내일채움공제참여",(주)유니와이드테크놀러지,https://www.saramin.co.kr/zf_user/jobs/relay/view?isMypage=no&rec_idx=39455977
IT 개발 담당자 채용,아이진(주),https://www.saramin.co.kr/zf_user/jobs/relay/view?isMypage=no&rec_idx=39526988
[㈜지에스아이엘]  IT 기획자 (신입 / 경력) 모집,(주)지에스아이엘,https://www.saramin.co.kr/zf_user/jobs/relay/view?isMypage=no&rec_idx=39491827
[IT솔루션영업] 클라우드 솔루션 영업 인재 모집,(주)클루닉스,https://www.saramin.co.kr/zf_user/jobs/relay/view?isMypage=no&rec_idx=39441923
IT상품 영업 경력사원 모집,(주)알에프텍,https://www.saramin.co.kr/zf_user/jobs/relay/view?isMypage=no&rec_idx=39356204
[외국계] 볼로레코리아 IT 팀 Network and IS system,볼로레로지스틱스코리아(주),https://www.saramin.co.kr/zf_user/jobs/relay/view?isMypage=no&rec_idx=39505131
"[바이브컴퍼니] 개발자(시각화, 기계학습), IT 영업 담당자 모집",(주)바이브컴퍼니,https://www.saramin.co.kr/zf_user/jobs/relay/view?isMypage=no&rec_idx=39420905
(주)포시에스 IT 솔루션 영업직 채용모집,(주)포시에스,https://www.saramin.co.kr/zf_user/jobs/relay/view?isMypage=no&rec_idx=39328633
IT 스타트업인 해시스크래퍼에서 개발자를 채용합니다.,(주)해시스크래퍼,https://www.saramin.co.kr/zf_user/jobs/relay/view?isMypage=no&rec_idx=39292801
IT 스타트업 해시스크래퍼에서 사무보조 및 경영지원 부문 채용,(주)해시스크래퍼,https://www.saramin.co.kr/zf_user/jobs/relay/view?isMypage=no&rec_idx=39413924
2021년 마케팅/경영관리/IT/영업지원 경력직 채용,미래에셋금융서비스(주),https://www.saramin.co.kr/zf_user/jobs/relay/view?isMypage=no&rec_idx=39486059
"[델레오코리아] 블록체인사업부 BD 팀원/팀장, IT서비스기획자",(주)델레오코리아,https://www.saramin.co.kr/zf_user/jobs/relay/view?isMypage=no&rec_idx=39513222
[델레오코리아] IT물류플랫폼 Tech직군 채용,(주)델레오코리아,https://www.saramin.co.kr/zf_user/jobs/relay/view?isMypage=no&rec_idx=39538782
"[콴텍, 금융] 금융 IT 전문가 정규직 모십니다.",콴텍(주),https://www.saramin.co.kr/zf_user/jobs/relay/view?isMypage=no&rec_idx=39404182
[TWC/성수/신사옥] TWC 본사 IT세팅&교육팀 팀원 채용,더화이트커뮤니케이션(주),https://www.saramin.co.kr/zf_user/jobs/relay/view?isMypage=no&rec_idx=39429663
[테스트웍스]  잠실 AI 인공지능 IT강소기업 인사총무팀 신입,(주)테스트웍스,https://www.saramin.co.kr/zf_user/jobs/relay/view?isMypage=no&rec_idx=39329147
각 부문별 채용공고(IT 부문/건설 부문),에이치엔그룹(주),https://www.saramin.co.kr/zf_user/jobs/relay/view?isMypage=no&rec_idx=39520105
"[판토스] 경력사원 채용 (F.F, W&D, IT, 혁신)",(주)판토스,https://www.saramin.co.kr/zf_user/jobs/relay/view?isMypage=no&rec_idx=39519867
"(서울,부산, 광주) IT 엔지니어(솔루션, 네트워크) 채용",(주)이지서티,https://www.saramin.co.kr/zf_user/jobs/relay/view?isMypage=no&rec_idx=39250748
S-OIL 경력사원 채용 (Refinery IT Infra & Security Expert),S-OIL(주),https://www.saramin.co.kr/zf_user/jobs/relay/view?isMypage=no&rec_idx=39516413
IT 운영/개발 경력직 채용 (채용 시 마감),에프앤유신용정보(주),https://www.saramin.co.kr/zf_user/jobs/relay/view?isMypage=no&rec_idx=39527604
IT지원팀 경력직 채용,(주)진양오일씰,https://www.saramin.co.kr/zf_user/jobs/relay/view?isMypage=no&rec_idx=39477127
(주)포시에스 IT솔루션 유지보수 영업 채용,(주)포시에스,https://www.saramin.co.kr/zf_user/jobs/relay/view?isMypage=no&rec_idx=39422710
[기술영업] IT·솔루션영업 정규직 채용,(주)리얼시큐,https://www.saramin.co.kr/zf_user/jobs/relay/view?isMypage=no&rec_idx=39470198
IT 소프트웨어 프로젝트매니저(PM) 인재 모집,(주)에프에스솔루션,https://www.saramin.co.kr/zf_user/jobs/relay/view?isMypage=no&rec_idx=39484533
[정규직/안양] IT 각 부문 담당자 채용,오토앤주식회사,https://www.saramin.co.kr/zf_user/jobs/relay/view?isMypage=no&rec_idx=39529883
2021 소셜빈 IT총괄실 개발자 채용,(주)소셜빈,https://www.saramin.co.kr/zf_user/jobs/relay/view?isMypage=no&rec_idx=39446200
(IT/스타트업) 모바일 서비스 기획자 모집 / UX/UI 설계 우대,(주)엘핀,https://www.saramin.co.kr/zf_user/jobs/relay/view?isMypage=no&rec_idx=39250597
(IT/스타트업/벤처) B2B 기술영업/솔루션영업 전문가 채용,(주)엘핀,https://www.saramin.co.kr/zf_user/jobs/relay/view?isMypage=no&rec_idx=39397281
금융 IT 개발자 대규모 채용,(주)카카오뱅크,https://www.saramin.co.kr/zf_user/jobs/relay/view?isMypage=no&rec_idx=39378721
2021년 IT 인재 대규모 채용,(주)씨젠,https://www.saramin.co.kr/zf_user/jobs/relay/view?isMypage=no&rec_idx=39519346
[쿠팡] IT Operations Engineer 채용 (쿠팡 물류센터),쿠팡 주식회사,https://www.saramin.co.kr/zf_user/jobs/relay/view?isMypage=no&rec_idx=39270562
맨파워코리아 정규 IT BPO 경력 컨설턴트 채용,(주)맨파워코리아,https://www.saramin.co.kr/zf_user/jobs/relay/view?isMypage=no&rec_idx=39278831
(주)모간 IT서비스지원 직무 모집,(주)모간,https://www.saramin.co.kr/zf_user/jobs/relay/view?isMypage=no&rec_idx=39483516
IT팀 경력사원 모집,(주)발렉스특수물류,https://www.saramin.co.kr/zf_user/jobs/relay/view?isMypage=no&rec_idx=39526827
"IT Business Analyst (Project, ERP, CRM)",써모피셔사이언티픽 코리아 (주),https://www.saramin.co.kr/zf_user/jobs/relay/view?isMypage=no&rec_idx=39517022
IT 기술 엔지니어(Helpdesk)/간단한 영어회화 및 메일 가능자,㈜고우넷,https://www.saramin.co.kr/zf_user/jobs/relay/view?isMypage=no&rec_idx=39234896
[nProtect] IT 자산 관리-채용 연계형 인턴,(주)잉카인터넷,https://www.saramin.co.kr/zf_user/jobs/relay/view?isMypage=no&rec_idx=39471965
IT 기술 엔지니어 채용 (IT 기술지우 및 Helpdesk) 영어회화 필,㈜고우넷,https://www.saramin.co.kr/zf_user/jobs/relay/view?isMypage=no&rec_idx=39495892
대봉엘에스(주) IT 전산담당 경력직원 모집,대봉엘에스㈜,https://www.saramin.co.kr/zf_user/jobs/relay/view?isMypage=no&rec_idx=39540809
"유니와이드 채용(시스템IT영업) 공공,조달영업#내일채움공제참여",(주)유니와이드테크놀러지,https://www.saramin.co.kr/zf_user/jobs/relay/view?isMypage=no&rec_idx=39455977
IT 개발 담당자 채용,아이진(주),https://www.saramin.co.kr/zf_user/jobs/relay/view?isMypage=no&rec_idx=39526988
[㈜지에스아이엘]  IT 기획자 (신입 / 경력) 모집,(주)지에스아이엘,https://www.saramin.co.kr/zf_user/jobs/relay/view?isMypage=no&rec_idx=39491827
[IT솔루션영업] 클라우드 솔루션 영업 인재 모집,(주)클루닉스,https://www.saramin.co.kr/zf_user/jobs/relay/view?isMypage=no&rec_idx=39441923
IT상품 영업 경력사원 모집,(주)알에프텍,https://www.saramin.co.kr/zf_user/jobs/relay/view?isMypage=no&rec_idx=39356204
[외국계] 볼로레코리아 IT 팀 Network and IS system,볼로레로지스틱스코리아(주),https://www.saramin.co.kr/zf_user/jobs/relay/view?isMypage=no&rec_idx=39505131
"[바이브컴퍼니] 개발자(시각화, 기계학습), IT 영업 담당자 모집",(주)바이브컴퍼니,https://www.saramin.co.kr/zf_user/jobs/relay/view?isMypage=no&rec_idx=39420905
(주)포시에스 IT 솔루션 영업직 채용모집,(주)포시에스,https://www.saramin.co.kr/zf_user/jobs/relay/view?isMypage=no&rec_idx=39328633
IT 스타트업인 해시스크래퍼에서 개발자를 채용합니다.,(주)해시스크래퍼,https://www.saramin.co.kr/zf_user/jobs/relay/view?isMypage=no&rec_idx=39292801
IT 스타트업 해시스크래퍼에서 사무보조 및 경영지원 부문 채용,(주)해시스크래퍼,https://www.saramin.co.kr/zf_user/jobs/relay/view?isMypage=no&rec_idx=39413924
2021년 마케팅/경영관리/IT/영업지원 경력직 채용,미래에셋금융서비스(주),https://www.saramin.co.kr/zf_user/jobs/relay/view?isMypage=no&rec_idx=39486059
"[델레오코리아] 블록체인사업부 BD 팀원/팀장, IT서비스기획자",(주)델레오코리아,https://www.saramin.co.kr/zf_user/jobs/relay/view?isMypage=no&rec_idx=39513222
[델레오코리아] IT물류플랫폼 Tech직군 채용,(주)델레오코리아,https://www.saramin.co.kr/zf_user/jobs/relay/view?isMypage=no&rec_idx=39538782
"[콴텍, 금융] 금융 IT 전문가 정규직 모십니다.",콴텍(주),https://www.saramin.co.kr/zf_user/jobs/relay/view?isMypage=no&rec_idx=39404182
[TWC/성수/신사옥] TWC 본사 IT세팅&교육팀 팀원 채용,더화이트커뮤니케이션(주),https://www.saramin.co.kr/zf_user/jobs/relay/view?isMypage=no&rec_idx=39429663
[테스트웍스]  잠실 AI 인공지능 IT강소기업 인사총무팀 신입,(주)테스트웍스,https://www.saramin.co.kr/zf_user/jobs/relay/view?isMypage=no&rec_idx=39329147
각 부문별 채용공고(IT 부문/건설 부문),에이치엔그룹(주),https://www.saramin.co.kr/zf_user/jobs/relay/view?isMypage=no&rec_idx=39520105
"[판토스] 경력사원 채용 (F.F, W&D, IT, 혁신)",(주)판토스,https://www.saramin.co.kr/zf_user/jobs/relay/view?isMypage=no&rec_idx=39519867
"(서울,부산, 광주) IT 엔지니어(솔루션, 네트워크) 채용",(주)이지서티,https://www.saramin.co.kr/zf_user/jobs/relay/view?isMypage=no&rec_idx=39250748
S-OIL 경력사원 채용 (Refinery IT Infra & Security Expert),S-OIL(주),https://www.saramin.co.kr/zf_user/jobs/relay/view?isMypage=no&rec_idx=39516413
IT 운영/개발 경력직 채용 (채용 시 마감),에프앤유신용정보(주),https://www.saramin.co.kr/zf_user/jobs/relay/view?isMypage=no&rec_idx=39527604
IT지원팀 경력직 채용,(주)진양오일씰,https://www.saramin.co.kr/zf_user/jobs/relay/view?isMypage=no&rec_idx=39477127
(주)포시에스 IT솔루션 유지보수 영업 채용,(주)포시에스,https://www.saramin.co.kr/zf_user/jobs/relay/view?isMypage=no&rec_idx=39422710
[기술영업] IT·솔루션영업 정규직 채용,(주)리얼시큐,https://www.saramin.co.kr/zf_user/jobs/relay/view?isMypage=no&rec_idx=39470198
IT 소프트웨어 프로젝트매니저(PM) 인재 모집,(주)에프에스솔루션,https://www.saramin.co.kr/zf_user/jobs/relay/view?isMypage=no&rec_idx=39484533
[정규직/안양] IT 각 부문 담당자 채용,오토앤주식회사,https://www.saramin.co.kr/zf_user/jobs/relay/view?isMypage=no&rec_idx=39529883
2021 소셜빈 IT총괄실 개발자 채용,(주)소셜빈,https://www.saramin.co.kr/zf_user/jobs/relay/view?isMypage=no&rec_idx=39446200
(IT/스타트업) 모바일 서비스 기획자 모집 / UX/UI 설계 우대,(주)엘핀,https://www.saramin.co.kr/zf_user/jobs/relay/view?isMypage=no&rec_idx=39250597
(IT/스타트업/벤처) B2B 기술영업/솔루션영업 전문가 채용,(주)엘핀,https://www.saramin.co.kr/zf_user/jobs/relay/view?isMypage=no&rec_idx=39397281
금융 IT 개발자 대규모 채용,(주)카카오뱅크,https://www.saramin.co.kr/zf_user/jobs/relay/view?isMypage=no&rec_idx=39378721
2021년 IT 인재 대규모 채용,(주)씨젠,https://www.saramin.co.kr/zf_user/jobs/relay/view?isMypage=no&rec_idx=39519346
[쿠팡] IT Operations Engineer 채용 (쿠팡 물류센터),쿠팡 주식회사,https://www.saramin.co.kr/zf_user/jobs/relay/view?isMypage=no&rec_idx=39270562
맨파워코리아 정규 IT BPO 경력 컨설턴트 채용,(주)맨파워코리아,https://www.saramin.co.kr/zf_user/jobs/relay/view?isMypage=no&rec_idx=39278831
(주)모간 IT서비스지원 직무 모집,(주)모간,https://www.saramin.co.kr/zf_user/jobs/relay/view?isMypage=no&rec_idx=39483516
IT팀 경력사원 모집,(주)발렉스특수물류,https://www.saramin.co.kr/zf_user/jobs/relay/view?isMypage=no&rec_idx=39526827
"IT Business Analyst (Project, ERP, CRM)",써모피셔사이언티픽 코리아 (주),https://www.saramin.co.kr/zf_user/jobs/relay/view?isMypage=no&rec_idx=39517022
IT 기술 엔지니어(Helpdesk)/간단한 영어회화 및 메일 가능자,㈜고우넷,https://www.saramin.co.kr/zf_user/jobs/relay/view?isMypage=no&rec_idx=39234896
[nProtect] IT 자산 관리-채용 연계형 인턴,(주)잉카인터넷,https://www.saramin.co.kr/zf_user/jobs/relay/view?isMypage=no&rec_idx=39471965
IT 기술 엔지니어 채용 (IT 기술지우 및 Helpdesk) 영어회화 필,㈜고우넷,https://www.saramin.co.kr/zf_user/jobs/relay/view?isMypage=no&rec_idx=39495892
대봉엘에스(주) IT 전산담당 경력직원 모집,대봉엘에스㈜,https://www.saramin.co.kr/zf_user/jobs/relay/view?isMypage=no&rec_idx=39540809
"유니와이드 채용(시스템IT영업) 공공,조달영업#내일채움공제참여",(주)유니와이드테크놀러지,https://www.saramin.co.kr/zf_user/jobs/relay/view?isMypage=no&rec_idx=39455977
IT 개발 담당자 채용,아이진(주),https://www.saramin.co.kr/zf_user/jobs/relay/view?isMypage=no&rec_idx=39526988
[㈜지에스아이엘]  IT 기획자 (신입 / 경력) 모집,(주)지에스아이엘,https://www.saramin.co.kr/zf_user/jobs/relay/view?isMypage=no&rec_idx=39491827
[IT솔루션영업] 클라우드 솔루션 영업 인재 모집,(주)클루닉스,https://www.saramin.co.kr/zf_user/jobs/relay/view?isMypage=no&rec_idx=39441923
IT상품 영업 경력사원 모집,(주)알에프텍,https://www.saramin.co.kr/zf_user/jobs/relay/view?isMypage=no&rec_idx=39356204
[외국계] 볼로레코리아 IT 팀 Network and IS system,볼로레로지스틱스코리아(주),https://www.saramin.co.kr/zf_user/jobs/relay/view?isMypage=no&rec_idx=39505131
"[바이브컴퍼니] 개발자(시각화, 기계학습), IT 영업 담당자 모집",(주)바이브컴퍼니,https://www.saramin.co.kr/zf_user/jobs/relay/view?isMypage=no&rec_idx=39420905
(주)포시에스 IT 솔루션 영업직 채용모집,(주)포시에스,https://www.saramin.co.kr/zf_user/jobs/relay/view?isMypage=no&rec_idx=39328633
IT 스타트업인 해시스크래퍼에서 개발자를 채용합니다.,(주)해시스크래퍼,https://www.saramin.co.kr/zf_user/jobs/relay/view?isMypage=no&rec_idx=39292801
IT 스타트업 해시스크래퍼에서 사무보조 및 경영지원 부문 채용,(주)해시스크래퍼,https://www.saramin.co.kr/zf_user/jobs/relay/view?isMypage=no&rec_idx=39413924
2021년 마케팅/경영관리/IT/영업지원 경력직 채용,미래에셋금융서비스(주),https://www.saramin.co.kr/zf_user/jobs/relay/view?isMypage=no&rec_idx=39486059
"[델레오코리아] 블록체인사업부 BD 팀원/팀장, IT서비스기획자",(주)델레오코리아,https://www.saramin.co.kr/zf_user/jobs/relay/view?isMypage=no&rec_idx=39513222
[델레오코리아] IT물류플랫폼 Tech직군 채용,(주)델레오코리아,https://www.saramin.co.kr/zf_user/jobs/relay/view?isMypage=no&rec_idx=39538782
"[콴텍, 금융] 금융 IT 전문가 정규직 모십니다.",콴텍(주),https://www.saramin.co.kr/zf_user/jobs/relay/view?isMypage=no&rec_idx=39404182
[TWC/성수/신사옥] TWC 본사 IT세팅&교육팀 팀원 채용,더화이트커뮤니케이션(주),https://www.saramin.co.kr/zf_user/jobs/relay/view?isMypage=no&rec_idx=39429663
[테스트웍스]  잠실 AI 인공지능 IT강소기업 인사총무팀 신입,(주)테스트웍스,https://www.saramin.co.kr/zf_user/jobs/relay/view?isMypage=no&rec_idx=39329147
각 부문별 채용공고(IT 부문/건설 부문),에이치엔그룹(주),https://www.saramin.co.kr/zf_user/jobs/relay/view?isMypage=no&rec_idx=39520105
"[판토스] 경력사원 채용 (F.F, W&D, IT, 혁신)",(주)판토스,https://www.saramin.co.kr/zf_user/jobs/relay/view?isMypage=no&rec_idx=39519867
"(서울,부산, 광주) IT 엔지니어(솔루션, 네트워크) 채용",(주)이지서티,https://www.saramin.co.kr/zf_user/jobs/relay/view?isMypage=no&rec_idx=39250748
S-OIL 경력사원 채용 (Refinery IT Infra & Security Expert),S-OIL(주),https://www.saramin.co.kr/zf_user/jobs/relay/view?isMypage=no&rec_idx=39516413
IT 운영/개발 경력직 채용 (채용 시 마감),에프앤유신용정보(주),https://www.saramin.co.kr/zf_user/jobs/relay/view?isMypage=no&rec_idx=39527604
IT지원팀 경력직 채용,(주)진양오일씰,https://www.saramin.co.kr/zf_user/jobs/relay/view?isMypage=no&rec_idx=39477127
(주)포시에스 IT솔루션 유지보수 영업 채용,(주)포시에스,https://www.saramin.co.kr/zf_user/jobs/relay/view?isMypage=no&rec_idx=39422710
[기술영업] IT·솔루션영업 정규직 채용,(주)리얼시큐,https://www.saramin.co.kr/zf_user/jobs/relay/view?isMypage=no&rec_idx=39470198
IT 소프트웨어 프로젝트매니저(PM) 인재 모집,(주)에프에스솔루션,https://www.saramin.co.kr/zf_user/jobs/relay/view?isMypage=no&rec_idx=39484533
[정규직/안양] IT 각 부문 담당자 채용,오토앤주식회사,https://www.saramin.co.kr/zf_user/jobs/relay/view?isMypage=no&rec_idx=39529883
2021 소셜빈 IT총괄실 개발자 채용,(주)소셜빈,https://www.saramin.co.kr/zf_user/jobs/relay/view?isMypage=no&rec_idx=39446200
(IT/스타트업) 모바일 서비스 기획자 모집 / UX/UI 설계 우대,(주)엘핀,https://www.saramin.co.kr/zf_user/jobs/relay/view?isMypage=no&rec_idx=39250597
(IT/스타트업/벤처) B2B 기술영업/솔루션영업 전문가 채용,(주)엘핀,https://www.saramin.co.kr/zf_user/jobs/relay/view?isMypage=no&rec_idx=39397281
금융 IT 개발자 대규모 채용,(주)카카오뱅크,https://www.saramin.co.kr/zf_user/jobs/relay/view?isMypage=no&rec_idx=39378721
2021년 IT 인재 대규모 채용,(주)씨젠,https://www.saramin.co.kr/zf_user/jobs/relay/view?isMypage=no&rec_idx=39519346
[쿠팡] IT Operations Engineer 채용 (쿠팡 물류센터),쿠팡 주식회사,https://www.saramin.co.kr/zf_user/jobs/relay/view?isMypage=no&rec_idx=39270562
맨파워코리아 정규 IT BPO 경력 컨설턴트 채용,(주)맨파워코리아,https://www.saramin.co.kr/zf_user/jobs/relay/view?isMypage=no&rec_idx=39278831
(주)모간 IT서비스지원 직무 모집,(주)모간,https://www.saramin.co.kr/zf_user/jobs/relay/view?isMypage=no&rec_idx=39483516
IT팀 경력사원 모집,(주)발렉스특수물류,https://www.saramin.co.kr/zf_user/jobs/relay/view?isMypage=no&rec_idx=39526827
"IT Business Analyst (Project, ERP, CRM)",써모피셔사이언티픽 코리아 (주),https://www.saramin.co.kr/zf_user/jobs/relay/view?isMypage=no&rec_idx=39517022
IT 기술 엔지니어(Helpdesk)/간단한 영어회화 및 메일 가능자,㈜고우넷,https://www.saramin.co.kr/zf_user/jobs/relay/view?isMypage=no&rec_idx=39234896
[nProtect] IT 자산 관리-채용 연계형 인턴,(주)잉카인터넷,https://www.saramin.co.kr/zf_user/jobs/relay/view?isMypage=no&rec_idx=39471965
IT 기술 엔지니어 채용 (IT 기술지우 및 Helpdesk) 영어회화 필,㈜고우넷,https://www.saramin.co.kr/zf_user/jobs/relay/view?isMypage=no&rec_idx=39495892
대봉엘에스(주) IT 전산담당 경력직원 모집,대봉엘에스㈜,https://www.saramin.co.kr/zf_user/jobs/relay/view?isMypage=no&rec_idx=39540809
"유니와이드 채용(시스템IT영업) 공공,조달영업#내일채움공제참여",(주)유니와이드테크놀러지,https://www.saramin.co.kr/zf_user/jobs/relay/view?isMypage=no&rec_idx=39455977
IT 개발 담당자 채용,아이진(주),https://www.saramin.co.kr/zf_user/jobs/relay/view?isMypage=no&rec_idx=39526988
[㈜지에스아이엘]  IT 기획자 (신입 / 경력) 모집,(주)지에스아이엘,https://www.saramin.co.kr/zf_user/jobs/relay/view?isMypage=no&rec_idx=39491827
[IT솔루션영업] 클라우드 솔루션 영업 인재 모집,(주)클루닉스,https://www.saramin.co.kr/zf_user/jobs/relay/view?isMypage=no&rec_idx=39441923
IT상품 영업 경력사원 모집,(주)알에프텍,https://www.saramin.co.kr/zf_user/jobs/relay/view?isMypage=no&rec_idx=39356204
[외국계] 볼로레코리아 IT 팀 Network and IS system,볼로레로지스틱스코리아(주),https://www.saramin.co.kr/zf_user/jobs/relay/view?isMypage=no&rec_idx=39505131
"[바이브컴퍼니] 개발자(시각화, 기계학습), IT 영업 담당자 모집",(주)바이브컴퍼니,https://www.saramin.co.kr/zf_user/jobs/relay/view?isMypage=no&rec_idx=39420905
(주)포시에스 IT 솔루션 영업직 채용모집,(주)포시에스,https://www.saramin.co.kr/zf_user/jobs/relay/view?isMypage=no&rec_idx=39328633
IT 스타트업인 해시스크래퍼에서 개발자를 채용합니다.,(주)해시스크래퍼,https://www.saramin.co.kr/zf_user/jobs/relay/view?isMypage=no&rec_idx=39292801
IT 스타트업 해시스크래퍼에서 사무보조 및 경영지원 부문 채용,(주)해시스크래퍼,https://www.saramin.co.kr/zf_user/jobs/relay/view?isMypage=no&rec_idx=39413924
2021년 마케팅/경영관리/IT/영업지원 경력직 채용,미래에셋금융서비스(주),https://www.saramin.co.kr/zf_user/jobs/relay/view?isMypage=no&rec_idx=39486059
"[델레오코리아] 블록체인사업부 BD 팀원/팀장, IT서비스기획자",(주)델레오코리아,https://www.saramin.co.kr/zf_user/jobs/relay/view?isMypage=no&rec_idx=39513222
[델레오코리아] IT물류플랫폼 Tech직군 채용,(주)델레오코리아,https://www.saramin.co.kr/zf_user/jobs/relay/view?isMypage=no&rec_idx=39538782
"[콴텍, 금융] 금융 IT 전문가 정규직 모십니다.",콴텍(주),https://www.saramin.co.kr/zf_user/jobs/relay/view?isMypage=no&rec_idx=39404182
[TWC/성수/신사옥] TWC 본사 IT세팅&교육팀 팀원 채용,더화이트커뮤니케이션(주),https://www.saramin.co.kr/zf_user/jobs/relay/view?isMypage=no&rec_idx=39429663
[테스트웍스]  잠실 AI 인공지능 IT강소기업 인사총무팀 신입,(주)테스트웍스,https://www.saramin.co.kr/zf_user/jobs/relay/view?isMypage=no&rec_idx=39329147
각 부문별 채용공고(IT 부문/건설 부문),에이치엔그룹(주),https://www.saramin.co.kr/zf_user/jobs/relay/view?isMypage=no&rec_idx=39520105
"[판토스] 경력사원 채용 (F.F, W&D, IT, 혁신)",(주)판토스,https://www.saramin.co.kr/zf_user/jobs/relay/view?isMypage=no&rec_idx=39519867
"(서울,부산, 광주) IT 엔지니어(솔루션, 네트워크) 채용",(주)이지서티,https://www.saramin.co.kr/zf_user/jobs/relay/view?isMypage=no&rec_idx=39250748
S-OIL 경력사원 채용 (Refinery IT Infra & Security Expert),S-OIL(주),https://www.saramin.co.kr/zf_user/jobs/relay/view?isMypage=no&rec_idx=39516413
IT 운영/개발 경력직 채용 (채용 시 마감),에프앤유신용정보(주),https://www.saramin.co.kr/zf_user/jobs/relay/view?isMypage=no&rec_idx=39527604
IT지원팀 경력직 채용,(주)진양오일씰,https://www.saramin.co.kr/zf_user/jobs/relay/view?isMypage=no&rec_idx=39477127
(주)포시에스 IT솔루션 유지보수 영업 채용,(주)포시에스,https://www.saramin.co.kr/zf_user/jobs/relay/view?isMypage=no&rec_idx=39422710
[기술영업] IT·솔루션영업 정규직 채용,(주)리얼시큐,https://www.saramin.co.kr/zf_user/jobs/relay/view?isMypage=no&rec_idx=39470198
IT 소프트웨어 프로젝트매니저(PM) 인재 모집,(주)에프에스솔루션,https://www.saramin.co.kr/zf_user/jobs/relay/view?isMypage=no&rec_idx=39484533
[정규직/안양] IT 각 부문 담당자 채용,오토앤주식회사,https://www.saramin.co.kr/zf_user/jobs/relay/view?isMypage=no&rec_idx=39529883
2021 소셜빈 IT총괄실 개발자 채용,(주)소셜빈,https://www.saramin.co.kr/zf_user/jobs/relay/view?isMypage=no&rec_idx=39446200
(IT/스타트업) 모바일 서비스 기획자 모집 / UX/UI 설계 우대,(주)엘핀,https://www.saramin.co.kr/zf_user/jobs/relay/view?isMypage=no&rec_idx=39250597
(IT/스타트업/벤처) B2B 기술영업/솔루션영업 전문가 채용,(주)엘핀,https://www.saramin.co.kr/zf_user/jobs/relay/view?isMypage=no&rec_idx=39397281
금융 IT 개발자 대규모 채용,(주)카카오뱅크,https://www.saramin.co.kr/zf_user/jobs/relay/view?isMypage=no&rec_idx=39378721
2021년 IT 인재 대규모 채용,(주)씨젠,https://www.saramin.co.kr/zf_user/jobs/relay/view?isMypage=no&rec_idx=39519346
[쿠팡] IT Operations Engineer 채용 (쿠팡 물류센터),쿠팡 주식회사,https://www.saramin.co.kr/zf_user/jobs/relay/view?isMypage=no&rec_idx=39270562
맨파워코리아 정규 IT BPO 경력 컨설턴트 채용,(주)맨파워코리아,https://www.saramin.co.kr/zf_user/jobs/relay/view?isMypage=no&rec_idx=39278831
(주)모간 IT서비스지원 직무 모집,(주)모간,https://www.saramin.co.kr/zf_user/jobs/relay/view?isMypage=no&rec_idx=39483516
IT팀 경력사원 모집,(주)발렉스특수물류,https://www.saramin.co.kr/zf_user/jobs/relay/view?isMypage=no&rec_idx=39526827
"IT Business Analyst (Project, ERP, CRM)",써모피셔사이언티픽 코리아 (주),https://www.saramin.co.kr/zf_user/jobs/relay/view?isMypage=no&rec_idx=39517022
IT 기술 엔지니어(Helpdesk)/간단한 영어회화 및 메일 가능자,㈜고우넷,https://www.saramin.co.kr/zf_user/jobs/relay/view?isMypage=no&rec_idx=39234896
[nProtect] IT 자산 관리-채용 연계형 인턴,(주)잉카인터넷,https://www.saramin.co.kr/zf_user/jobs/relay/view?isMypage=no&rec_idx=39471965
IT 기술 엔지니어 채용 (IT 기술지우 및 Helpdesk) 영어회화 필,㈜고우넷,https://www.saramin.co.kr/zf_user/jobs/relay/view?isMypage=no&rec_idx=39495892
대봉엘에스(주) IT 전산담당 경력직원 모집,대봉엘에스㈜,https://www.saramin.co.kr/zf_user/jobs/relay/view?isMypage=no&rec_idx=39540809
"유니와이드 채용(시스템IT영업) 공공,조달영업#내일채움공제참여",(주)유니와이드테크놀러지,https://www.saramin.co.kr/zf_user/jobs/relay/view?isMypage=no&rec_idx=39455977
IT 개발 담당자 채용,아이진(주),https://www.saramin.co.kr/zf_user/jobs/relay/view?isMypage=no&rec_idx=39526988
[㈜지에스아이엘]  IT 기획자 (신입 / 경력) 모집,(주)지에스아이엘,https://www.saramin.co.kr/zf_user/jobs/relay/view?isMypage=no&rec_idx=39491827
[IT솔루션영업] 클라우드 솔루션 영업 인재 모집,(주)클루닉스,https://www.saramin.co.kr/zf_user/jobs/relay/view?isMypage=no&rec_idx=39441923
IT상품 영업 경력사원 모집,(주)알에프텍,https://www.saramin.co.kr/zf_user/jobs/relay/view?isMypage=no&rec_idx=39356204
[외국계] 볼로레코리아 IT 팀 Network and IS system,볼로레로지스틱스코리아(주),https://www.saramin.co.kr/zf_user/jobs/relay/view?isMypage=no&rec_idx=39505131
"[바이브컴퍼니] 개발자(시각화, 기계학습), IT 영업 담당자 모집",(주)바이브컴퍼니,https://www.saramin.co.kr/zf_user/jobs/relay/view?isMypage=no&rec_idx=39420905
(주)포시에스 IT 솔루션 영업직 채용모집,(주)포시에스,https://www.saramin.co.kr/zf_user/jobs/relay/view?isMypage=no&rec_idx=39328633
IT 스타트업인 해시스크래퍼에서 개발자를 채용합니다.,(주)해시스크래퍼,https://www.saramin.co.kr/zf_user/jobs/relay/view?isMypage=no&rec_idx=39292801
IT 스타트업 해시스크래퍼에서 사무보조 및 경영지원 부문 채용,(주)해시스크래퍼,https://www.saramin.co.kr/zf_user/jobs/relay/view?isMypage=no&rec_idx=39413924
2021년 마케팅/경영관리/IT/영업지원 경력직 채용,미래에셋금융서비스(주),https://www.saramin.co.kr/zf_user/jobs/relay/view?isMypage=no&rec_idx=39486059
"[델레오코리아] 블록체인사업부 BD 팀원/팀장, IT서비스기획자",(주)델레오코리아,https://www.saramin.co.kr/zf_user/jobs/relay/view?isMypage=no&rec_idx=39513222
[델레오코리아] IT물류플랫폼 Tech직군 채용,(주)델레오코리아,https://www.saramin.co.kr/zf_user/jobs/relay/view?isMypage=no&rec_idx=39538782
"[콴텍, 금융] 금융 IT 전문가 정규직 모십니다.",콴텍(주),https://www.saramin.co.kr/zf_user/jobs/relay/view?isMypage=no&rec_idx=39404182
[TWC/성수/신사옥] TWC 본사 IT세팅&교육팀 팀원 채용,더화이트커뮤니케이션(주),https://www.saramin.co.kr/zf_user/jobs/relay/view?isMypage=no&rec_idx=39429663
[테스트웍스]  잠실 AI 인공지능 IT강소기업 인사총무팀 신입,(주)테스트웍스,https://www.saramin.co.kr/zf_user/jobs/relay/view?isMypage=no&rec_idx=39329147
각 부문별 채용공고(IT 부문/건설 부문),에이치엔그룹(주),https://www.saramin.co.kr/zf_user/jobs/relay/view?isMypage=no&rec_idx=39520105
"[판토스] 경력사원 채용 (F.F, W&D, IT, 혁신)",(주)판토스,https://www.saramin.co.kr/zf_user/jobs/relay/view?isMypage=no&rec_idx=39519867
"(서울,부산, 광주) IT 엔지니어(솔루션, 네트워크) 채용",(주)이지서티,https://www.saramin.co.kr/zf_user/jobs/relay/view?isMypage=no&rec_idx=39250748
S-OIL 경력사원 채용 (Refinery IT Infra & Security Expert),S-OIL(주),https://www.saramin.co.kr/zf_user/jobs/relay/view?isMypage=no&rec_idx=39516413
IT 운영/개발 경력직 채용 (채용 시 마감),에프앤유신용정보(주),https://www.saramin.co.kr/zf_user/jobs/relay/view?isMypage=no&rec_idx=39527604
IT지원팀 경력직 채용,(주)진양오일씰,https://www.saramin.co.kr/zf_user/jobs/relay/view?isMypage=no&rec_idx=39477127
(주)포시에스 IT솔루션 유지보수 영업 채용,(주)포시에스,https://www.saramin.co.kr/zf_user/jobs/relay/view?isMypage=no&rec_idx=39422710
[기술영업] IT·솔루션영업 정규직 채용,(주)리얼시큐,https://www.saramin.co.kr/zf_user/jobs/relay/view?isMypage=no&rec_idx=39470198
IT 소프트웨어 프로젝트매니저(PM) 인재 모집,(주)에프에스솔루션,https://www.saramin.co.kr/zf_user/jobs/relay/view?isMypage=no&rec_idx=39484533
[정규직/안양] IT 각 부문 담당자 채용,오토앤주식회사,https://www.saramin.co.kr/zf_user/jobs/relay/view?isMypage=no&rec_idx=39529883
2021 소셜빈 IT총괄실 개발자 채용,(주)소셜빈,https://www.saramin.co.kr/zf_user/jobs/relay/view?isMypage=no&rec_idx=39446200
(IT/스타트업) 모바일 서비스 기획자 모집 / UX/UI 설계 우대,(주)엘핀,https://www.saramin.co.kr/zf_user/jobs/relay/view?isMypage=no&rec_idx=39250597
(IT/스타트업/벤처) B2B 기술영업/솔루션영업 전문가 채용,(주)엘핀,https://www.saramin.co.kr/zf_user/jobs/relay/view?isMypage=no&rec_idx=39397281
금융 IT 개발자 대규모 채용,(주)카카오뱅크,https://www.saramin.co.kr/zf_user/jobs/relay/view?isMypage=no&rec_idx=39378721
2021년 IT 인재 대규모 채용,(주)씨젠,https://www.saramin.co.kr/zf_user/jobs/relay/view?isMypage=no&rec_idx=39519346
[쿠팡] IT Operations Engineer 채용 (쿠팡 물류센터),쿠팡 주식회사,https://www.saramin.co.kr/zf_user/jobs/relay/view?isMypage=no&rec_idx=39270562
맨파워코리아 정규 IT BPO 경력 컨설턴트 채용,(주)맨파워코리아,https://www.saramin.co.kr/zf_user/jobs/relay/view?isMypage=no&rec_idx=39278831
(주)모간 IT서비스지원 직무 모집,(주)모간,https://www.saramin.co.kr/zf_user/jobs/relay/view?isMypage=no&rec_idx=39483516
IT팀 경력사원 모집,(주)발렉스특수물류,https://www.saramin.co.kr/zf_user/jobs/relay/view?isMypage=no&rec_idx=39526827
"IT Business Analyst (Project, ERP, CRM)",써모피셔사이언티픽 코리아 (주),https://www.saramin.co.kr/zf_user/jobs/relay/view?isMypage=no&rec_idx=39517022
IT 기술 엔지니어(Helpdesk)/간단한 영어회화 및 메일 가능자,㈜고우넷,https://www.saramin.co.kr/zf_user/jobs/relay/view?isMypage=no&rec_idx=39234896
[nProtect] IT 자산 관리-채용 연계형 인턴,(주)잉카인터넷,https://www.saramin.co.kr/zf_user/jobs/relay/view?isMypage=no&rec_idx=39471965
IT 기술 엔지니어 채용 (IT 기술지우 및 Helpdesk) 영어회화 필,㈜고우넷,https://www.saramin.co.kr/zf_user/jobs/relay/view?isMypage=no&rec_idx=39495892
대봉엘에스(주) IT 전산담당 경력직원 모집,대봉엘에스㈜,https://www.saramin.co.kr/zf_user/jobs/relay/view?isMypage=no&rec_idx=39540809
"유니와이드 채용(시스템IT영업) 공공,조달영업#내일채움공제참여",(주)유니와이드테크놀러지,https://www.saramin.co.kr/zf_user/jobs/relay/view?isMypage=no&rec_idx=39455977
IT 개발 담당자 채용,아이진(주),https://www.saramin.co.kr/zf_user/jobs/relay/view?isMypage=no&rec_idx=39526988
[㈜지에스아이엘]  IT 기획자 (신입 / 경력) 모집,(주)지에스아이엘,https://www.saramin.co.kr/zf_user/jobs/relay/view?isMypage=no&rec_idx=39491827
[IT솔루션영업] 클라우드 솔루션 영업 인재 모집,(주)클루닉스,https://www.saramin.co.kr/zf_user/jobs/relay/view?isMypage=no&rec_idx=39441923
IT상품 영업 경력사원 모집,(주)알에프텍,https://www.saramin.co.kr/zf_user/jobs/relay/view?isMypage=no&rec_idx=39356204
[외국계] 볼로레코리아 IT 팀 Network and IS system,볼로레로지스틱스코리아(주),https://www.saramin.co.kr/zf_user/jobs/relay/view?isMypage=no&rec_idx=39505131
"[바이브컴퍼니] 개발자(시각화, 기계학습), IT 영업 담당자 모집",(주)바이브컴퍼니,https://www.saramin.co.kr/zf_user/jobs/relay/view?isMypage=no&rec_idx=39420905
(주)포시에스 IT 솔루션 영업직 채용모집,(주)포시에스,https://www.saramin.co.kr/zf_user/jobs/relay/view?isMypage=no&rec_idx=39328633
IT 스타트업인 해시스크래퍼에서 개발자를 채용합니다.,(주)해시스크래퍼,https://www.saramin.co.kr/zf_user/jobs/relay/view?isMypage=no&rec_idx=39292801
IT 스타트업 해시스크래퍼에서 사무보조 및 경영지원 부문 채용,(주)해시스크래퍼,https://www.saramin.co.kr/zf_user/jobs/relay/view?isMypage=no&rec_idx=39413924
2021년 마케팅/경영관리/IT/영업지원 경력직 채용,미래에셋금융서비스(주),https://www.saramin.co.kr/zf_user/jobs/relay/view?isMypage=no&rec_idx=39486059
"[델레오코리아] 블록체인사업부 BD 팀원/팀장, IT서비스기획자",(주)델레오코리아,https://www.saramin.co.kr/zf_user/jobs/relay/view?isMypage=no&rec_idx=39513222
[델레오코리아] IT물류플랫폼 Tech직군 채용,(주)델레오코리아,https://www.saramin.co.kr/zf_user/jobs/relay/view?isMypage=no&rec_idx=39538782
"[콴텍, 금융] 금융 IT 전문가 정규직 모십니다.",콴텍(주),https://www.saramin.co.kr/zf_user/jobs/relay/view?isMypage=no&rec_idx=39404182
[TWC/성수/신사옥] TWC 본사 IT세팅&교육팀 팀원 채용,더화이트커뮤니케이션(주),https://www.saramin.co.kr/zf_user/jobs/relay/view?isMypage=no&rec_idx=39429663
[테스트웍스]  잠실 AI 인공지능 IT강소기업 인사총무팀 신입,(주)테스트웍스,https://www.saramin.co.kr/zf_user/jobs/relay/view?isMypage=no&rec_idx=39329147
각 부문별 채용공고(IT 부문/건설 부문),에이치엔그룹(주),https://www.saramin.co.kr/zf_user/jobs/relay/view?isMypage=no&rec_idx=39520105
"[판토스] 경력사원 채용 (F.F, W&D, IT, 혁신)",(주)판토스,https://www.saramin.co.kr/zf_user/jobs/relay/view?isMypage=no&rec_idx=39519867
"(서울,부산, 광주) IT 엔지니어(솔루션, 네트워크) 채용",(주)이지서티,https://www.saramin.co.kr/zf_user/jobs/relay/view?isMypage=no&rec_idx=39250748
S-OIL 경력사원 채용 (Refinery IT Infra & Security Expert),S-OIL(주),https://www.saramin.co.kr/zf_user/jobs/relay/view?isMypage=no&rec_idx=39516413
IT 운영/개발 경력직 채용 (채용 시 마감),에프앤유신용정보(주),https://www.saramin.co.kr/zf_user/jobs/relay/view?isMypage=no&rec_idx=39527604
IT지원팀 경력직 채용,(주)진양오일씰,https://www.saramin.co.kr/zf_user/jobs/relay/view?isMypage=no&rec_idx=39477127
(주)포시에스 IT솔루션 유지보수 영업 채용,(주)포시에스,https://www.saramin.co.kr/zf_user/jobs/relay/view?isMypage=no&rec_idx=39422710
[기술영업] IT·솔루션영업 정규직 채용,(주)리얼시큐,https://www.saramin.co.kr/zf_user/jobs/relay/view?isMypage=no&rec_idx=39470198
IT 소프트웨어 프로젝트매니저(PM) 인재 모집,(주)에프에스솔루션,https://www.saramin.co.kr/zf_user/jobs/relay/view?isMypage=no&rec_idx=39484533
[정규직/안양] IT 각 부문 담당자 채용,오토앤주식회사,https://www.saramin.co.kr/zf_user/jobs/relay/view?isMypage=no&rec_idx=39529883
2021 소셜빈 IT총괄실 개발자 채용,(주)소셜빈,https://www.saramin.co.kr/zf_user/jobs/relay/view?isMypage=no&rec_idx=39446200
(IT/스타트업) 모바일 서비스 기획자 모집 / UX/UI 설계 우대,(주)엘핀,https://www.saramin.co.kr/zf_user/jobs/relay/view?isMypage=no&rec_idx=39250597
(IT/스타트업/벤처) B2B 기술영업/솔루션영업 전문가 채용,(주)엘핀,https://www.saramin.co.kr/zf_user/jobs/relay/view?isMypage=no&rec_idx=39397281
금융 IT 개발자 대규모 채용,(주)카카오뱅크,https://www.saramin.co.kr/zf_user/jobs/relay/view?isMypage=no&rec_idx=39378721
2021년 IT 인재 대규모 채용,(주)씨젠,https://www.saramin.co.kr/zf_user/jobs/relay/view?isMypage=no&rec_idx=39519346
[쿠팡] IT Operations Engineer 채용 (쿠팡 물류센터),쿠팡 주식회사,https://www.saramin.co.kr/zf_user/jobs/relay/view?isMypage=no&rec_idx=39270562
맨파워코리아 정규 IT BPO 경력 컨설턴트 채용,(주)맨파워코리아,https://www.saramin.co.kr/zf_user/jobs/relay/view?isMypage=no&rec_idx=39278831
(주)모간 IT서비스지원 직무 모집,(주)모간,https://www.saramin.co.kr/zf_user/jobs/relay/view?isMypage=no&rec_idx=39483516
IT팀 경력사원 모집,(주)발렉스특수물류,https://www.saramin.co.kr/zf_user/jobs/relay/view?isMypage=no&rec_idx=39526827
"IT Business Analyst (Project, ERP, CRM)",써모피셔사이언티픽 코리아 (주),https://www.saramin.co.kr/zf_user/jobs/relay/view?isMypage=no&rec_idx=39517022
IT 기술 엔지니어(Helpdesk)/간단한 영어회화 및 메일 가능자,㈜고우넷,https://www.saramin.co.kr/zf_user/jobs/relay/view?isMypage=no&rec_idx=39234896
[nProtect] IT 자산 관리-채용 연계형 인턴,(주)잉카인터넷,https://www.saramin.co.kr/zf_user/jobs/relay/view?isMypage=no&rec_idx=39471965
IT 기술 엔지니어 채용 (IT 기술지우 및 Helpdesk) 영어회화 필,㈜고우넷,https://www.saramin.co.kr/zf_user/jobs/relay/view?isMypage=no&rec_idx=39495892
대봉엘에스(주) IT 전산담당 경력직원 모집,대봉엘에스㈜,https://www.saramin.co.kr/zf_user/jobs/relay/view?isMypage=no&rec_idx=39540809
"유니와이드 채용(시스템IT영업) 공공,조달영업#내일채움공제참여",(주)유니와이드테크놀러지,https://www.saramin.co.kr/zf_user/jobs/relay/view?isMypage=no&rec_idx=39455977
IT 개발 담당자 채용,아이진(주),https://www.saramin.co.kr/zf_user/jobs/relay/view?isMypage=no&rec_idx=39526988
[㈜지에스아이엘]  IT 기획자 (신입 / 경력) 모집,(주)지에스아이엘,https://www.saramin.co.kr/zf_user/jobs/relay/view?isMypage=no&rec_idx=39491827
[IT솔루션영업] 클라우드 솔루션 영업 인재 모집,(주)클루닉스,https://www.saramin.co.kr/zf_user/jobs/relay/view?isMypage=no&rec_idx=39441923
IT상품 영업 경력사원 모집,(주)알에프텍,https://www.saramin.co.kr/zf_user/jobs/relay/view?isMypage=no&rec_idx=39356204
[외국계] 볼로레코리아 IT 팀 Network and IS system,볼로레로지스틱스코리아(주),https://www.saramin.co.kr/zf_user/jobs/relay/view?isMypage=no&rec_idx=39505131
"[바이브컴퍼니] 개발자(시각화, 기계학습), IT 영업 담당자 모집",(주)바이브컴퍼니,https://www.saramin.co.kr/zf_user/jobs/relay/view?isMypage=no&rec_idx=39420905
(주)포시에스 IT 솔루션 영업직 채용모집,(주)포시에스,https://www.saramin.co.kr/zf_user/jobs/relay/view?isMypage=no&rec_idx=39328633
IT 스타트업인 해시스크래퍼에서 개발자를 채용합니다.,(주)해시스크래퍼,https://www.saramin.co.kr/zf_user/jobs/relay/view?isMypage=no&rec_idx=39292801
IT 스타트업 해시스크래퍼에서 사무보조 및 경영지원 부문 채용,(주)해시스크래퍼,https://www.saramin.co.kr/zf_user/jobs/relay/view?isMypage=no&rec_idx=39413924
2021년 마케팅/경영관리/IT/영업지원 경력직 채용,미래에셋금융서비스(주),https://www.saramin.co.kr/zf_user/jobs/relay/view?isMypage=no&rec_idx=39486059
"[델레오코리아] 블록체인사업부 BD 팀원/팀장, IT서비스기획자",(주)델레오코리아,https://www.saramin.co.kr/zf_user/jobs/relay/view?isMypage=no&rec_idx=39513222
[델레오코리아] IT물류플랫폼 Tech직군 채용,(주)델레오코리아,https://www.saramin.co.kr/zf_user/jobs/relay/view?isMypage=no&rec_idx=39538782
"[콴텍, 금융] 금융 IT 전문가 정규직 모십니다.",콴텍(주),https://www.saramin.co.kr/zf_user/jobs/relay/view?isMypage=no&rec_idx=39404182
[TWC/성수/신사옥] TWC 본사 IT세팅&교육팀 팀원 채용,더화이트커뮤니케이션(주),https://www.saramin.co.kr/zf_user/jobs/relay/view?isMypage=no&rec_idx=39429663
[테스트웍스]  잠실 AI 인공지능 IT강소기업 인사총무팀 신입,(주)테스트웍스,https://www.saramin.co.kr/zf_user/jobs/relay/view?isMypage=no&rec_idx=39329147
각 부문별 채용공고(IT 부문/건설 부문),에이치엔그룹(주),https://www.saramin.co.kr/zf_user/jobs/relay/view?isMypage=no&rec_idx=39520105
"[판토스] 경력사원 채용 (F.F, W&D, IT, 혁신)",(주)판토스,https://www.saramin.co.kr/zf_user/jobs/relay/view?isMypage=no&rec_idx=39519867
"(서울,부산, 광주) IT 엔지니어(솔루션, 네트워크) 채용",(주)이지서티,https://www.saramin.co.kr/zf_user/jobs/relay/view?isMypage=no&rec_idx=39250748
S-OIL 경력사원 채용 (Refinery IT Infra & Security Expert),S-OIL(주),https://www.saramin.co.kr/zf_user/jobs/relay/view?isMypage=no&rec_idx=39516413
IT 운영/개발 경력직 채용 (채용 시 마감),에프앤유신용정보(주),https://www.saramin.co.kr/zf_user/jobs/relay/view?isMypage=no&rec_idx=39527604
IT지원팀 경력직 채용,(주)진양오일씰,https://www.saramin.co.kr/zf_user/jobs/relay/view?isMypage=no&rec_idx=39477127
(주)포시에스 IT솔루션 유지보수 영업 채용,(주)포시에스,https://www.saramin.co.kr/zf_user/jobs/relay/view?isMypage=no&rec_idx=39422710
[기술영업] IT·솔루션영업 정규직 채용,(주)리얼시큐,https://www.saramin.co.kr/zf_user/jobs/relay/view?isMypage=no&rec_idx=39470198
IT 소프트웨어 프로젝트매니저(PM) 인재 모집,(주)에프에스솔루션,https://www.saramin.co.kr/zf_user/jobs/relay/view?isMypage=no&rec_idx=39484533
[정규직/안양] IT 각 부문 담당자 채용,오토앤주식회사,https://www.saramin.co.kr/zf_user/jobs/relay/view?isMypage=no&rec_idx=39529883
2021 소셜빈 IT총괄실 개발자 채용,(주)소셜빈,https://www.saramin.co.kr/zf_user/jobs/relay/view?isMypage=no&rec_idx=39446200
(IT/스타트업) 모바일 서비스 기획자 모집 / UX/UI 설계 우대,(주)엘핀,https://www.saramin.co.kr/zf_user/jobs/relay/view?isMypage=no&rec_idx=39250597
(IT/스타트업/벤처) B2B 기술영업/솔루션영업 전문가 채용,(주)엘핀,https://www.saramin.co.kr/zf_user/jobs/relay/view?isMypage=no&rec_idx=39397281
금융 IT 개발자 대규모 채용,(주)카카오뱅크,https://www.saramin.co.kr/zf_user/jobs/relay/view?isMypage=no&rec_idx=39378721
2021년 IT 인재 대규모 채용,(주)씨젠,https://www.saramin.co.kr/zf_user/jobs/relay/view?isMypage=no&rec_idx=39519346
[쿠팡] IT Operations Engineer 채용 (쿠팡 물류센터),쿠팡 주식회사,https://www.saramin.co.kr/zf_user/jobs/relay/view?isMypage=no&rec_idx=39270562
맨파워코리아 정규 IT BPO 경력 컨설턴트 채용,(주)맨파워코리아,https://www.saramin.co.kr/zf_user/jobs/relay/view?isMypage=no&rec_idx=39278831
(주)모간 IT서비스지원 직무 모집,(주)모간,https://www.saramin.co.kr/zf_user/jobs/relay/view?isMypage=no&rec_idx=39483516
IT팀 경력사원 모집,(주)발렉스특수물류,https://www.saramin.co.kr/zf_user/jobs/relay/view?isMypage=no&rec_idx=39526827
"IT Business Analyst (Project, ERP, CRM)",써모피셔사이언티픽 코리아 (주),https://www.saramin.co.kr/zf_user/jobs/relay/view?isMypage=no&rec_idx=39517022
IT 기술 엔지니어(Helpdesk)/간단한 영어회화 및 메일 가능자,㈜고우넷,https://www.saramin.co.kr/zf_user/jobs/relay/view?isMypage=no&rec_idx=39234896
[nProtect] IT 자산 관리-채용 연계형 인턴,(주)잉카인터넷,https://www.saramin.co.kr/zf_user/jobs/relay/view?isMypage=no&rec_idx=39471965
IT 기술 엔지니어 채용 (IT 기술지우 및 Helpdesk) 영어회화 필,㈜고우넷,https://www.saramin.co.kr/zf_user/jobs/relay/view?isMypage=no&rec_idx=39495892
대봉엘에스(주) IT 전산담당 경력직원 모집,대봉엘에스㈜,https://www.saramin.co.kr/zf_user/jobs/relay/view?isMypage=no&rec_idx=39540809
"유니와이드 채용(시스템IT영업) 공공,조달영업#내일채움공제참여",(주)유니와이드테크놀러지,https://www.saramin.co.kr/zf_user/jobs/relay/view?isMypage=no&rec_idx=39455977
IT 개발 담당자 채용,아이진(주),https://www.saramin.co.kr/zf_user/jobs/relay/view?isMypage=no&rec_idx=39526988
[㈜지에스아이엘]  IT 기획자 (신입 / 경력) 모집,(주)지에스아이엘,https://www.saramin.co.kr/zf_user/jobs/relay/view?isMypage=no&rec_idx=39491827
[IT솔루션영업] 클라우드 솔루션 영업 인재 모집,(주)클루닉스,https://www.saramin.co.kr/zf_user/jobs/relay/view?isMypage=no&rec_idx=39441923
IT상품 영업 경력사원 모집,(주)알에프텍,https://www.saramin.co.kr/zf_user/jobs/relay/view?isMypage=no&rec_idx=39356204
[외국계] 볼로레코리아 IT 팀 Network and IS system,볼로레로지스틱스코리아(주),https://www.saramin.co.kr/zf_user/jobs/relay/view?isMypage=no&rec_idx=39505131
"[바이브컴퍼니] 개발자(시각화, 기계학습), IT 영업 담당자 모집",(주)바이브컴퍼니,https://www.saramin.co.kr/zf_user/jobs/relay/view?isMypage=no&rec_idx=39420905
(주)포시에스 IT 솔루션 영업직 채용모집,(주)포시에스,https://www.saramin.co.kr/zf_user/jobs/relay/view?isMypage=no&rec_idx=39328633
IT 스타트업인 해시스크래퍼에서 개발자를 채용합니다.,(주)해시스크래퍼,https://www.saramin.co.kr/zf_user/jobs/relay/view?isMypage=no&rec_idx=39292801
IT 스타트업 해시스크래퍼에서 사무보조 및 경영지원 부문 채용,(주)해시스크래퍼,https://www.saramin.co.kr/zf_user/jobs/relay/view?isMypage=no&rec_idx=39413924
2021년 마케팅/경영관리/IT/영업지원 경력직 채용,미래에셋금융서비스(주),https://www.saramin.co.kr/zf_user/jobs/relay/view?isMypage=no&rec_idx=39486059
"[델레오코리아] 블록체인사업부 BD 팀원/팀장, IT서비스기획자",(주)델레오코리아,https://www.saramin.co.kr/zf_user/jobs/relay/view?isMypage=no&rec_idx=39513222
[델레오코리아] IT물류플랫폼 Tech직군 채용,(주)델레오코리아,https://www.saramin.co.kr/zf_user/jobs/relay/view?isMypage=no&rec_idx=39538782
"[콴텍, 금융] 금융 IT 전문가 정규직 모십니다.",콴텍(주),https://www.saramin.co.kr/zf_user/jobs/relay/view?isMypage=no&rec_idx=39404182
[TWC/성수/신사옥] TWC 본사 IT세팅&교육팀 팀원 채용,더화이트커뮤니케이션(주),https://www.saramin.co.kr/zf_user/jobs/relay/view?isMypage=no&rec_idx=39429663
[테스트웍스]  잠실 AI 인공지능 IT강소기업 인사총무팀 신입,(주)테스트웍스,https://www.saramin.co.kr/zf_user/jobs/relay/view?isMypage=no&rec_idx=39329147
각 부문별 채용공고(IT 부문/건설 부문),에이치엔그룹(주),https://www.saramin.co.kr/zf_user/jobs/relay/view?isMypage=no&rec_idx=39520105
"[판토스] 경력사원 채용 (F.F, W&D, IT, 혁신)",(주)판토스,https://www.saramin.co.kr/zf_user/jobs/relay/view?isMypage=no&rec_idx=39519867
"(서울,부산, 광주) IT 엔지니어(솔루션, 네트워크) 채용",(주)이지서티,https://www.saramin.co.kr/zf_user/jobs/relay/view?isMypage=no&rec_idx=39250748
S-OIL 경력사원 채용 (Refinery IT Infra & Security Expert),S-OIL(주),https://www.saramin.co.kr/zf_user/jobs/relay/view?isMypage=no&rec_idx=39516413
IT 운영/개발 경력직 채용 (채용 시 마감),에프앤유신용정보(주),https://www.saramin.co.kr/zf_user/jobs/relay/view?isMypage=no&rec_idx=39527604
IT지원팀 경력직 채용,(주)진양오일씰,https://www.saramin.co.kr/zf_user/jobs/relay/view?isMypage=no&rec_idx=39477127
(주)포시에스 IT솔루션 유지보수 영업 채용,(주)포시에스,https://www.saramin.co.kr/zf_user/jobs/relay/view?isMypage=no&rec_idx=39422710
[기술영업] IT·솔루션영업 정규직 채용,(주)리얼시큐,https://www.saramin.co.kr/zf_user/jobs/relay/view?isMypage=no&rec_idx=39470198
IT 소프트웨어 프로젝트매니저(PM) 인재 모집,(주)에프에스솔루션,https://www.saramin.co.kr/zf_user/jobs/relay/view?isMypage=no&rec_idx=39484533
[정규직/안양] IT 각 부문 담당자 채용,오토앤주식회사,https://www.saramin.co.kr/zf_user/jobs/relay/view?isMypage=no&rec_idx=39529883
2021 소셜빈 IT총괄실 개발자 채용,(주)소셜빈,https://www.saramin.co.kr/zf_user/jobs/relay/view?isMypage=no&rec_idx=39446200
(IT/스타트업) 모바일 서비스 기획자 모집 / UX/UI 설계 우대,(주)엘핀,https://www.saramin.co.kr/zf_user/jobs/relay/view?isMypage=no&rec_idx=39250597
(IT/스타트업/벤처) B2B 기술영업/솔루션영업 전문가 채용,(주)엘핀,https://www.saramin.co.kr/zf_user/jobs/relay/view?isMypage=no&rec_idx=39397281
금융 IT 개발자 대규모 채용,(주)카카오뱅크,https://www.saramin.co.kr/zf_user/jobs/relay/view?isMypage=no&rec_idx=39378721
2021년 IT 인재 대규모 채용,(주)씨젠,https://www.saramin.co.kr/zf_user/jobs/relay/view?isMypage=no&rec_idx=39519346
[쿠팡] IT Operations Engineer 채용 (쿠팡 물류센터),쿠팡 주식회사,https://www.saramin.co.kr/zf_user/jobs/relay/view?isMypage=no&rec_idx=39270562
맨파워코리아 정규 IT BPO 경력 컨설턴트 채용,(주)맨파워코리아,https://www.saramin.co.kr/zf_user/jobs/relay/view?isMypage=no&rec_idx=39278831
(주)모간 IT서비스지원 직무 모집,(주)모간,https://www.saramin.co.kr/zf_user/jobs/relay/view?isMypage=no&rec_idx=39483516
IT팀 경력사원 모집,(주)발렉스특수물류,https://www.saramin.co.kr/zf_user/jobs/relay/view?isMypage=no&rec_idx=39526827
"IT Business Analyst (Project, ERP, CRM)",써모피셔사이언티픽 코리아 (주),https://www.saramin.co.kr/zf_user/jobs/relay/view?isMypage=no&rec_idx=39517022
IT 기술 엔지니어(Helpdesk)/간단한 영어회화 및 메일 가능자,㈜고우넷,https://www.saramin.co.kr/zf_user/jobs/relay/view?isMypage=no&rec_idx=39234896
[nProtect] IT 자산 관리-채용 연계형 인턴,(주)잉카인터넷,https://www.saramin.co.kr/zf_user/jobs/relay/view?isMypage=no&rec_idx=39471965
IT 기술 엔지니어 채용 (IT 기술지우 및 Helpdesk) 영어회화 필,㈜고우넷,https://www.saramin.co.kr/zf_user/jobs/relay/view?isMypage=no&rec_idx=39495892
대봉엘에스(주) IT 전산담당 경력직원 모집,대봉엘에스㈜,https://www.saramin.co.kr/zf_user/jobs/relay/view?isMypage=no&rec_idx=39540809
"유니와이드 채용(시스템IT영업) 공공,조달영업#내일채움공제참여",(주)유니와이드테크놀러지,https://www.saramin.co.kr/zf_user/jobs/relay/view?isMypage=no&rec_idx=39455977
IT 개발 담당자 채용,아이진(주),https://www.saramin.co.kr/zf_user/jobs/relay/view?isMypage=no&rec_idx=39526988
[㈜지에스아이엘]  IT 기획자 (신입 / 경력) 모집,(주)지에스아이엘,https://www.saramin.co.kr/zf_user/jobs/relay/view?isMypage=no&rec_idx=39491827
[IT솔루션영업] 클라우드 솔루션 영업 인재 모집,(주)클루닉스,https://www.saramin.co.kr/zf_user/jobs/relay/view?isMypage=no&rec_idx=39441923
IT상품 영업 경력사원 모집,(주)알에프텍,https://www.saramin.co.kr/zf_user/jobs/relay/view?isMypage=no&rec_idx=39356204
[외국계] 볼로레코리아 IT 팀 Network and IS system,볼로레로지스틱스코리아(주),https://www.saramin.co.kr/zf_user/jobs/relay/view?isMypage=no&rec_idx=39505131
"[바이브컴퍼니] 개발자(시각화, 기계학습), IT 영업 담당자 모집",(주)바이브컴퍼니,https://www.saramin.co.kr/zf_user/jobs/relay/view?isMypage=no&rec_idx=39420905
(주)포시에스 IT 솔루션 영업직 채용모집,(주)포시에스,https://www.saramin.co.kr/zf_user/jobs/relay/view?isMypage=no&rec_idx=39328633
IT 스타트업인 해시스크래퍼에서 개발자를 채용합니다.,(주)해시스크래퍼,https://www.saramin.co.kr/zf_user/jobs/relay/view?isMypage=no&rec_idx=39292801
IT 스타트업 해시스크래퍼에서 사무보조 및 경영지원 부문 채용,(주)해시스크래퍼,https://www.saramin.co.kr/zf_user/jobs/relay/view?isMypage=no&rec_idx=39413924
2021년 마케팅/경영관리/IT/영업지원 경력직 채용,미래에셋금융서비스(주),https://www.saramin.co.kr/zf_user/jobs/relay/view?isMypage=no&rec_idx=39486059
"[델레오코리아] 블록체인사업부 BD 팀원/팀장, IT서비스기획자",(주)델레오코리아,https://www.saramin.co.kr/zf_user/jobs/relay/view?isMypage=no&rec_idx=39513222
[델레오코리아] IT물류플랫폼 Tech직군 채용,(주)델레오코리아,https://www.saramin.co.kr/zf_user/jobs/relay/view?isMypage=no&rec_idx=39538782
"[콴텍, 금융] 금융 IT 전문가 정규직 모십니다.",콴텍(주),https://www.saramin.co.kr/zf_user/jobs/relay/view?isMypage=no&rec_idx=39404182
[TWC/성수/신사옥] TWC 본사 IT세팅&교육팀 팀원 채용,더화이트커뮤니케이션(주),https://www.saramin.co.kr/zf_user/jobs/relay/view?isMypage=no&rec_idx=39429663
[테스트웍스]  잠실 AI 인공지능 IT강소기업 인사총무팀 신입,(주)테스트웍스,https://www.saramin.co.kr/zf_user/jobs/relay/view?isMypage=no&rec_idx=39329147
각 부문별 채용공고(IT 부문/건설 부문),에이치엔그룹(주),https://www.saramin.co.kr/zf_user/jobs/relay/view?isMypage=no&rec_idx=39520105
"[판토스] 경력사원 채용 (F.F, W&D, IT, 혁신)",(주)판토스,https://www.saramin.co.kr/zf_user/jobs/relay/view?isMypage=no&rec_idx=39519867
"(서울,부산, 광주) IT 엔지니어(솔루션, 네트워크) 채용",(주)이지서티,https://www.saramin.co.kr/zf_user/jobs/relay/view?isMypage=no&rec_idx=39250748
S-OIL 경력사원 채용 (Refinery IT Infra & Security Expert),S-OIL(주),https://www.saramin.co.kr/zf_user/jobs/relay/view?isMypage=no&rec_idx=39516413
IT 운영/개발 경력직 채용 (채용 시 마감),에프앤유신용정보(주),https://www.saramin.co.kr/zf_user/jobs/relay/view?isMypage=no&rec_idx=39527604
IT지원팀 경력직 채용,(주)진양오일씰,https://www.saramin.co.kr/zf_user/jobs/relay/view?isMypage=no&rec_idx=39477127
(주)포시에스 IT솔루션 유지보수 영업 채용,(주)포시에스,https://www.saramin.co.kr/zf_user/jobs/relay/view?isMypage=no&rec_idx=39422710
[기술영업] IT·솔루션영업 정규직 채용,(주)리얼시큐,https://www.saramin.co.kr/zf_user/jobs/relay/view?isMypage=no&rec_idx=39470198
IT 소프트웨어 프로젝트매니저(PM) 인재 모집,(주)에프에스솔루션,https://www.saramin.co.kr/zf_user/jobs/relay/view?isMypage=no&rec_idx=39484533
[정규직/안양] IT 각 부문 담당자 채용,오토앤주식회사,https://www.saramin.co.kr/zf_user/jobs/relay/view?isMypage=no&rec_idx=39529883
2021 소셜빈 IT총괄실 개발자 채용,(주)소셜빈,https://www.saramin.co.kr/zf_user/jobs/relay/view?isMypage=no&rec_idx=39446200
(IT/스타트업) 모바일 서비스 기획자 모집 / UX/UI 설계 우대,(주)엘핀,https://www.saramin.co.kr/zf_user/jobs/relay/view?isMypage=no&rec_idx=39250597
(IT/스타트업/벤처) B2B 기술영업/솔루션영업 전문가 채용,(주)엘핀,https://www.saramin.co.kr/zf_user/jobs/relay/view?isMypage=no&rec_idx=39397281
금융 IT 개발자 대규모 채용,(주)카카오뱅크,https://www.saramin.co.kr/zf_user/jobs/relay/view?isMypage=no&rec_idx=39378721
2021년 IT 인재 대규모 채용,(주)씨젠,https://www.saramin.co.kr/zf_user/jobs/relay/view?isMypage=no&rec_idx=39519346
[쿠팡] IT Operations Engineer 채용 (쿠팡 물류센터),쿠팡 주식회사,https://www.saramin.co.kr/zf_user/jobs/relay/view?isMypage=no&rec_idx=39270562
맨파워코리아 정규 IT BPO 경력 컨설턴트 채용,(주)맨파워코리아,https://www.saramin.co.kr/zf_user/jobs/relay/view?isMypage=no&rec_idx=39278831
(주)모간 IT서비스지원 직무 모집,(주)모간,https://www.saramin.co.kr/zf_user/jobs/relay/view?isMypage=no&rec_idx=39483516
IT팀 경력사원 모집,(주)발렉스특수물류,https://www.saramin.co.kr/zf_user/jobs/relay/view?isMypage=no&rec_idx=39526827
"IT Business Analyst (Project, ERP, CRM)",써모피셔사이언티픽 코리아 (주),https://www.saramin.co.kr/zf_user/jobs/relay/view?isMypage=no&rec_idx=39517022
IT 기술 엔지니어(Helpdesk)/간단한 영어회화 및 메일 가능자,㈜고우넷,https://www.saramin.co.kr/zf_user/jobs/relay/view?isMypage=no&rec_idx=39234896
[nProtect] IT 자산 관리-채용 연계형 인턴,(주)잉카인터넷,https://www.saramin.co.kr/zf_user/jobs/relay/view?isMypage=no&rec_idx=39471965
IT 기술 엔지니어 채용 (IT 기술지우 및 Helpdesk) 영어회화 필,㈜고우넷,https://www.saramin.co.kr/zf_user/jobs/relay/view?isMypage=no&rec_idx=39495892
대봉엘에스(주) IT 전산담당 경력직원 모집,대봉엘에스㈜,https://www.saramin.co.kr/zf_user/jobs/relay/view?isMypage=no&rec_idx=39540809
"유니와이드 채용(시스템IT영업) 공공,조달영업#내일채움공제참여",(주)유니와이드테크놀러지,https://www.saramin.co.kr/zf_user/jobs/relay/view?isMypage=no&rec_idx=39455977
IT 개발 담당자 채용,아이진(주),https://www.saramin.co.kr/zf_user/jobs/relay/view?isMypage=no&rec_idx=39526988
[㈜지에스아이엘]  IT 기획자 (신입 / 경력) 모집,(주)지에스아이엘,https://www.saramin.co.kr/zf_user/jobs/relay/view?isMypage=no&rec_idx=39491827
[IT솔루션영업] 클라우드 솔루션 영업 인재 모집,(주)클루닉스,https://www.saramin.co.kr/zf_user/jobs/relay/view?isMypage=no&rec_idx=39441923
IT상품 영업 경력사원 모집,(주)알에프텍,https://www.saramin.co.kr/zf_user/jobs/relay/view?isMypage=no&rec_idx=39356204
[외국계] 볼로레코리아 IT 팀 Network and IS system,볼로레로지스틱스코리아(주),https://www.saramin.co.kr/zf_user/jobs/relay/view?isMypage=no&rec_idx=39505131
"[바이브컴퍼니] 개발자(시각화, 기계학습), IT 영업 담당자 모집",(주)바이브컴퍼니,https://www.saramin.co.kr/zf_user/jobs/relay/view?isMypage=no&rec_idx=39420905
(주)포시에스 IT 솔루션 영업직 채용모집,(주)포시에스,https://www.saramin.co.kr/zf_user/jobs/relay/view?isMypage=no&rec_idx=39328633
IT 스타트업인 해시스크래퍼에서 개발자를 채용합니다.,(주)해시스크래퍼,https://www.saramin.co.kr/zf_user/jobs/relay/view?isMypage=no&rec_idx=39292801
IT 스타트업 해시스크래퍼에서 사무보조 및 경영지원 부문 채용,(주)해시스크래퍼,https://www.saramin.co.kr/zf_user/jobs/relay/view?isMypage=no&rec_idx=39413924
2021년 마케팅/경영관리/IT/영업지원 경력직 채용,미래에셋금융서비스(주),https://www.saramin.co.kr/zf_user/jobs/relay/view?isMypage=no&rec_idx=39486059
"[델레오코리아] 블록체인사업부 BD 팀원/팀장, IT서비스기획자",(주)델레오코리아,https://www.saramin.co.kr/zf_user/jobs/relay/view?isMypage=no&rec_idx=39513222
[델레오코리아] IT물류플랫폼 Tech직군 채용,(주)델레오코리아,https://www.saramin.co.kr/zf_user/jobs/relay/view?isMypage=no&rec_idx=39538782
"[콴텍, 금융] 금융 IT 전문가 정규직 모십니다.",콴텍(주),https://www.saramin.co.kr/zf_user/jobs/relay/view?isMypage=no&rec_idx=39404182
[TWC/성수/신사옥] TWC 본사 IT세팅&교육팀 팀원 채용,더화이트커뮤니케이션(주),https://www.saramin.co.kr/zf_user/jobs/relay/view?isMypage=no&rec_idx=39429663
[테스트웍스]  잠실 AI 인공지능 IT강소기업 인사총무팀 신입,(주)테스트웍스,https://www.saramin.co.kr/zf_user/jobs/relay/view?isMypage=no&rec_idx=39329147
각 부문별 채용공고(IT 부문/건설 부문),에이치엔그룹(주),https://www.saramin.co.kr/zf_user/jobs/relay/view?isMypage=no&rec_idx=39520105
"[판토스] 경력사원 채용 (F.F, W&D, IT, 혁신)",(주)판토스,https://www.saramin.co.kr/zf_user/jobs/relay/view?isMypage=no&rec_idx=39519867
"(서울,부산, 광주) IT 엔지니어(솔루션, 네트워크) 채용",(주)이지서티,https://www.saramin.co.kr/zf_user/jobs/relay/view?isMypage=no&rec_idx=39250748
S-OIL 경력사원 채용 (Refinery IT Infra & Security Expert),S-OIL(주),https://www.saramin.co.kr/zf_user/jobs/relay/view?isMypage=no&rec_idx=39516413
IT 운영/개발 경력직 채용 (채용 시 마감),에프앤유신용정보(주),https://www.saramin.co.kr/zf_user/jobs/relay/view?isMypage=no&rec_idx=39527604
IT지원팀 경력직 채용,(주)진양오일씰,https://www.saramin.co.kr/zf_user/jobs/relay/view?isMypage=no&rec_idx=39477127
(주)포시에스 IT솔루션 유지보수 영업 채용,(주)포시에스,https://www.saramin.co.kr/zf_user/jobs/relay/view?isMypage=no&rec_idx=39422710
[기술영업] IT·솔루션영업 정규직 채용,(주)리얼시큐,https://www.saramin.co.kr/zf_user/jobs/relay/view?isMypage=no&rec_idx=39470198
IT 소프트웨어 프로젝트매니저(PM) 인재 모집,(주)에프에스솔루션,https://www.saramin.co.kr/zf_user/jobs/relay/view?isMypage=no&rec_idx=39484533
[정규직/안양] IT 각 부문 담당자 채용,오토앤주식회사,https://www.saramin.co.kr/zf_user/jobs/relay/view?isMypage=no&rec_idx=39529883
2021 소셜빈 IT총괄실 개발자 채용,(주)소셜빈,https://www.saramin.co.kr/zf_user/jobs/relay/view?isMypage=no&rec_idx=39446200
(IT/스타트업) 모바일 서비스 기획자 모집 / UX/UI 설계 우대,(주)엘핀,https://www.saramin.co.kr/zf_user/jobs/relay/view?isMypage=no&rec_idx=39250597
(IT/스타트업/벤처) B2B 기술영업/솔루션영업 전문가 채용,(주)엘핀,https://www.saramin.co.kr/zf_user/jobs/relay/view?isMypage=no&rec_idx=39397281
